Company,Job_Titles,Location,Skills
Endorphins Entertainment Private Limited,Digital Marketing,Delhi,"['SEO', 'Google Ads', 'Social Media', 'Content Marketing', 'Analytics']"
Ayecify,Digital Marketing,Work From Home,"['SEO', 'Google Ads', 'Social Media', 'Content Marketing', 'Analytics']"
Decoimagination,Graphic Design,Kolkata,"['Adobe Photoshop', 'Illustrator', 'Canva', 'Typography', 'Color Theory']"
Gratitude Farms,Business Development (Sales),Chennai,"['Communication', 'MS Excel', 'Market Research', 'CRM', 'Sales']"
Apsis Solutions,Embedded C Development (PIC18 And ARM Cortex M3),Bangalore,"['C', 'C++', 'Arduino', 'Raspberry Pi', 'Electronics', 'RTOS']"
Mitrah Technology,Marketing,Mira Bhayandar,"['Market Research', 'Communication', 'MS Excel', 'SEO', 'Analytics']"
f1Studioz,UI/UX Design,Bangalore,"['Figma', 'Adobe XD', 'Wireframing', 'Prototyping', 'User Research']"
FULL Creative Private Limited,iOS App Development,Chennai,"['Swift', 'Xcode', 'Objective-C', 'UIKit', 'Firebase']"
Homesifyi.com,Data Entry Operation,Work From Home,"['Communication', 'MS Office', 'Problem Solving', 'Teamwork', 'Time Management']"
Digi Elephant,Digital Marketing,Work From Home,"['SEO', 'Google Ads', 'Social Media', 'Content Marketing', 'Analytics']"
Eventilators,Human Resources (HR),Gurgaon,"['Communication', 'MS Excel', 'Recruitment', 'MS Office', 'HR Management']"
Vision30 Class,Social Media Marketing,Work From Home,"['Instagram', 'Facebook', 'Content Creation', 'Analytics', 'Canva']"
Vikalp India Private Limited,Academic Trainer,Delhi,"['Communication', 'MS Office', 'Problem Solving', 'Teamwork', 'Time Management']"
M H Mortgage Services Private Limited,Marketing,Indore,"['Market Research', 'Communication', 'MS Excel', 'SEO', 'Analytics']"
Gajanan Ashirwad Industries,Marketing,Aurangabad,"['Market Research', 'Communication', 'MS Excel', 'SEO', 'Analytics']"
JDMR Ischool,Graphic Design,Work From Home,"['Adobe Photoshop', 'Illustrator', 'Canva', 'Typography', 'Color Theory']"
YantroMitra Learning Technologies,Graphic Design,Work From Home,"['Adobe Photoshop', 'Illustrator', 'Canva', 'Typography', 'Color Theory']"
Dobby Ads,Business Development (Sales),Bangalore,"['Communication', 'MS Excel', 'Market Research', 'CRM', 'Sales']"
PlanyrTrip,Business Strategy,Delhi,"['Communication', 'MS Office', 'Problem Solving', 'Teamwork', 'Time Management']"
UniAdmits,Content Writing,Work From Home,"['Writing', 'SEO', 'Research', 'WordPress', 'Copywriting']"
ESparkBiz Technologies Private Limited,Marketing,Ahmedabad,"['Market Research', 'Communication', 'MS Excel', 'SEO', 'Analytics']"
Neha Agarwal,Content Writing,Work From Home,"['Writing', 'SEO', 'Research', 'WordPress', 'Copywriting']"
A Wizards Workshop,Business Development (Sales),Mumbai,"['Communication', 'MS Excel', 'Market Research', 'CRM', 'Sales']"
Oddy Labs,Digital Marketing,Hyderabad,"['SEO', 'Google Ads', 'Social Media', 'Content Marketing', 'Analytics']"
QSSGlobal,Web Development,Delhi,"['HTML', 'CSS', 'JavaScript', 'React', 'Bootstrap', 'Git']"
Red Dash Media,Content Writing,Delhi,"['Writing', 'SEO', 'Research', 'WordPress', 'Copywriting']"
Tiyana Incorporation,Web Development,Mumbai,"['HTML', 'CSS', 'JavaScript', 'React', 'Bootstrap', 'Git']"
Motilal Oswal,Data Analytics,Work From Home,"['Communication', 'MS Office', 'Problem Solving', 'Teamwork', 'Time Management']"
Webcoasters,Content Writing,Work From Home,"['Writing', 'SEO', 'Research', 'WordPress', 'Copywriting']"
Digital Horizons Technology & Media Services Private Limited,UI Design,Kochi,"['Communication', 'MS Office', 'Problem Solving', 'Teamwork', 'Time Management']"
Zansys Technologies,Full Stack Development,Delhi,"['HTML', 'CSS', 'JavaScript', 'React', 'Node.js', 'SQL', 'Git']"
GradsIT,Content Writing,Work From Home,"['Writing', 'SEO', 'Research', 'WordPress', 'Copywriting']"
Pipaltree Beverages Private Limited,Digital Marketing,Work From Home,"['SEO', 'Google Ads', 'Social Media', 'Content Marketing', 'Analytics']"
Advitiya,Marketing,Chennai,"['Market Research', 'Communication', 'MS Excel', 'SEO', 'Analytics']"
Cyperts Digital Solution,Business Development (Sales),Pune,"['Communication', 'MS Excel', 'Market Research', 'CRM', 'Sales']"
LEGACY Research Solutions,Social Media Marketing,Work From Home,"['Instagram', 'Facebook', 'Content Creation', 'Analytics', 'Canva']"
Think Again Lab,Campus Ambassador,Work From Home,"['Communication', 'Social Media', 'Marketing', 'Networking', 'Leadership']"
MeAccs Innovations Private Limited,Android App Development,Work From Home,"['Java', 'Kotlin', 'Android Studio', 'XML', 'Firebase', 'REST API']"
JOHAN BROWN,UI/UX Design,Hyderabad,"['Figma', 'Adobe XD', 'Wireframing', 'Prototyping', 'User Research']"
Medikoe,Mobile App Development,Bangalore,"['Android', 'iOS', 'Flutter', 'Java', 'Kotlin', 'Firebase']"
HYBRIQUES  TECHNOLOGY,Business Development (Sales),Work From Home,"['Communication', 'MS Excel', 'Market Research', 'CRM', 'Sales']"
IQuinceSoft Private Limited Mathura,Web Development,Mathura,"['HTML', 'CSS', 'JavaScript', 'React', 'Bootstrap', 'Git']"
Intellify,Human Resources (HR),Work From Home,"['Communication', 'MS Excel', 'Recruitment', 'MS Office', 'HR Management']"
Motilal Oswal,Business Development (Sales),Work From Home,"['Communication', 'MS Excel', 'Market Research', 'CRM', 'Sales']"
Appenics Technologies Private Limited,Java Development,Jaipur,"['Java', 'Spring Boot', 'SQL', 'OOP', 'Maven', 'Git']"
Techasoft Private Limited,Web Development,Bangalore,"['HTML', 'CSS', 'JavaScript', 'React', 'Bootstrap', 'Git']"
HealthCare AtHOME,Marketing,Work From Home,"['Market Research', 'Communication', 'MS Excel', 'SEO', 'Analytics']"
One Media,Graphic Design,Kozhikode,"['Adobe Photoshop', 'Illustrator', 'Canva', 'Typography', 'Color Theory']"
Ungurala Solutions Private Limited,Mobile App Development,Work From Home,"['Android', 'iOS', 'Flutter', 'Java', 'Kotlin', 'Firebase']"
TravelChatter,Mobile App Development,Work From Home,"['Android', 'iOS', 'Flutter', 'Java', 'Kotlin', 'Firebase']"
Jotwani Associates,Human Resources (HR),Work From Home,"['Communication', 'MS Excel', 'Recruitment', 'MS Office', 'HR Management']"
Flying Stone India Film Production Services,Content Writing,Work From Home,"['Writing', 'SEO', 'Research', 'WordPress', 'Copywriting']"
RoboVR,Graphic Design,Mumbai,"['Adobe Photoshop', 'Illustrator', 'Canva', 'Typography', 'Color Theory']"
Jmarathon Advisory Services Private Limited,Sales & Marketing,Work From Home,"['Market Research', 'Communication', 'MS Excel', 'SEO', 'Analytics']"
Challenge Katta,Python Development,Work From Home,"['Python', 'Django', 'Flask', 'SQL', 'Git', 'REST API']"
TFN Enterprise (OPC) Private Limited,Business Development (Sales),Work From Home,"['Communication', 'MS Excel', 'Market Research', 'CRM', 'Sales']"
Polished,Marketing,Work From Home,"['Market Research', 'Communication', 'MS Excel', 'SEO', 'Analytics']"
Vasonomics LLC,Human Resources (HR),Lucknow,"['Communication', 'MS Excel', 'Recruitment', 'MS Office', 'HR Management']"
ProTeen,Operations (Commerce/Finance),Work From Home,"['MS Excel', 'Communication', 'Project Management', 'Data Analysis', 'Coordination']"
Womenite,Social Media Marketing,Work From Home,"['Instagram', 'Facebook', 'Content Creation', 'Analytics', 'Canva']"
Across The Globe (ATG),Technical Content Writing,Work From Home,"['Writing', 'SEO', 'Research', 'WordPress', 'Copywriting']"
Samhita Social Ventures,Operations,Mumbai,"['MS Excel', 'Communication', 'Project Management', 'Data Analysis', 'Coordination']"
Prerna Foundation,Social Media Marketing,Work From Home,"['Instagram', 'Facebook', 'Content Creation', 'Analytics', 'Canva']"
Buzo Media Services,Digital Marketing,Work From Home,"['SEO', 'Google Ads', 'Social Media', 'Content Marketing', 'Analytics']"
CMM Event,Content Writing,Delhi,"['Writing', 'SEO', 'Research', 'WordPress', 'Copywriting']"
Ruvers Fashion Private Limited,Marketing,Mumbai,"['Market Research', 'Communication', 'MS Excel', 'SEO', 'Analytics']"
Exa Mobility India Private Limited,Machine Learning,Pune,"['Python', 'Scikit-learn', 'TensorFlow', 'NumPy', 'Pandas', 'ML Algorithms']"
Ola (ANI Technologies Private Limited),Human Resources (HR),Bangalore,"['Communication', 'MS Excel', 'Recruitment', 'MS Office', 'HR Management']"
WaterFirst,Graphic Design,Coimbatore,"['Adobe Photoshop', 'Illustrator', 'Canva', 'Typography', 'Color Theory']"
Green Future Private Limited,Business Development (Sales),Delhi,"['Communication', 'MS Excel', 'Market Research', 'CRM', 'Sales']"
Kofluence,Social Media Marketing,Bangalore,"['Instagram', 'Facebook', 'Content Creation', 'Analytics', 'Canva']"
Inframe Design Institute,Digital Marketing,Jodhpur,"['SEO', 'Google Ads', 'Social Media', 'Content Marketing', 'Analytics']"
StablX Digital Marketing Agency,Web Development,Work From Home,"['HTML', 'CSS', 'JavaScript', 'React', 'Bootstrap', 'Git']"
Black Boy Entertainment Lab,Business Development (Sales),Ahmedabad,"['Communication', 'MS Excel', 'Market Research', 'CRM', 'Sales']"
Kapgrow Corporate Advisory Services Private Limited,Human Resources (HR),Mumbai,"['Communication', 'MS Excel', 'Recruitment', 'MS Office', 'HR Management']"
Ecozen Solutions,Marketing,Pune,"['Market Research', 'Communication', 'MS Excel', 'SEO', 'Analytics']"
CodeChef,Marketing,Mumbai,"['Market Research', 'Communication', 'MS Excel', 'SEO', 'Analytics']"
Digital Web Arena,Content Writing,Gurgaon,"['Writing', 'SEO', 'Research', 'WordPress', 'Copywriting']"
Eureka Labs Limited,Web Development,Ghaziabad,"['HTML', 'CSS', 'JavaScript', 'React', 'Bootstrap', 'Git']"
Be My Charm,Content Writing,Work From Home,"['Writing', 'SEO', 'Research', 'WordPress', 'Copywriting']"
Go2andaman,Content Writing,Work From Home,"['Writing', 'SEO', 'Research', 'WordPress', 'Copywriting']"
Divaz Media & Films Private Limited,Digital Marketing,Malad,"['SEO', 'Google Ads', 'Social Media', 'Content Marketing', 'Analytics']"
Know Thy Best Self,Web Development,Work From Home,"['HTML', 'CSS', 'JavaScript', 'React', 'Bootstrap', 'Git']"
Unschooling Private Limited,Content Development (Mathematics),Work From Home,"['Communication', 'MS Office', 'Problem Solving', 'Teamwork', 'Time Management']"
UNISTAM,Business Development (Sales),Work From Home,"['Communication', 'MS Excel', 'Market Research', 'CRM', 'Sales']"
Startrails Consulting Private Limited,Human Resources (HR),Gurgaon,"['Communication', 'MS Excel', 'Recruitment', 'MS Office', 'HR Management']"
Emanation Group,Business Development (Sales),Work From Home,"['Communication', 'MS Excel', 'Market Research', 'CRM', 'Sales']"
PMS Consulting,Human Resources (HR),Delhi,"['Communication', 'MS Excel', 'Recruitment', 'MS Office', 'HR Management']"
Legal Salaah,YouTube Video Creation,Work From Home,"['Communication', 'MS Office', 'Problem Solving', 'Teamwork', 'Time Management']"
Bolona: Sarkari Naukri Kab Karoge,Social Media Marketing,Work From Home,"['Instagram', 'Facebook', 'Content Creation', 'Analytics', 'Canva']"
Map My Room Private Limited,Business Development (Sales),Work From Home,"['Communication', 'MS Excel', 'Market Research', 'CRM', 'Sales']"
Press Reality,Content Writing,Work From Home,"['Writing', 'SEO', 'Research', 'WordPress', 'Copywriting']"
Monesha  Badkar Aversare,Social Media Marketing,Work From Home,"['Instagram', 'Facebook', 'Content Creation', 'Analytics', 'Canva']"
Tsalvo,UI/UX Design,Delhi,"['Figma', 'Adobe XD', 'Wireframing', 'Prototyping', 'User Research']"
SK Chaudhary Educational Trust,Human Resources (HR),Agra,"['Communication', 'MS Excel', 'Recruitment', 'MS Office', 'HR Management']"
Anvarat Foundation,Social Media Marketing,Work From Home,"['Instagram', 'Facebook', 'Content Creation', 'Analytics', 'Canva']"
Varvadhu Studio Private Limited,Marketing,Bangalore,"['Market Research', 'Communication', 'MS Excel', 'SEO', 'Analytics']"
LUXURY PERSONIFIED LLP,Business Development (Sales),Delhi,"['Communication', 'MS Excel', 'Market Research', 'CRM', 'Sales']"
Meanders India,Social Media Marketing,Bhopal,"['Instagram', 'Facebook', 'Content Creation', 'Analytics', 'Canva']"
Kether Infosec,Cyber Security,Udaipur,"['Communication', 'MS Office', 'Problem Solving', 'Teamwork', 'Time Management']"
Art Culture Festival,Content Writing,Work From Home,"['Writing', 'SEO', 'Research', 'WordPress', 'Copywriting']"
Edufever Private Limited,Digital Marketing,Work From Home,"['SEO', 'Google Ads', 'Social Media', 'Content Marketing', 'Analytics']"
Conscript HR Advisors Private Limited,Business Development (Sales),Work From Home,"['Communication', 'MS Excel', 'Market Research', 'CRM', 'Sales']"
DigiStepZ Technologies,Business Development (Sales),Delhi,"['Communication', 'MS Excel', 'Market Research', 'CRM', 'Sales']"
Magenta Hive Technologies LLP,Graphic Design,Work From Home,"['Adobe Photoshop', 'Illustrator', 'Canva', 'Typography', 'Color Theory']"
Quadrant Consumer,Digital Marketing,Mumbai,"['SEO', 'Google Ads', 'Social Media', 'Content Marketing', 'Analytics']"
TOPMYTEST,Content Writing,Work From Home,"['Writing', 'SEO', 'Research', 'WordPress', 'Copywriting']"
ARC Dampers,Web Development,Jabalpur,"['HTML', 'CSS', 'JavaScript', 'React', 'Bootstrap', 'Git']"
Pratham,Graphic Design,Ahmedabad,"['Adobe Photoshop', 'Illustrator', 'Canva', 'Typography', 'Color Theory']"
Conscript HR Advisors Private Limited,Human Resources (HR),Work From Home,"['Communication', 'MS Excel', 'Recruitment', 'MS Office', 'HR Management']"
Pearlkraft,Graphic Design,Mumbai,"['Adobe Photoshop', 'Illustrator', 'Canva', 'Typography', 'Color Theory']"
AALL CORPORATION,UI/UX Design,Work From Home,"['Figma', 'Adobe XD', 'Wireframing', 'Prototyping', 'User Research']"
Shikshaam Dehi,Digital Marketing,Work From Home,"['SEO', 'Google Ads', 'Social Media', 'Content Marketing', 'Analytics']"
Univ.ai,Graphic Design,Work From Home,"['Adobe Photoshop', 'Illustrator', 'Canva', 'Typography', 'Color Theory']"
Praanha,Content Writing,Work From Home,"['Writing', 'SEO', 'Research', 'WordPress', 'Copywriting']"
LogCodes,Salesforce Development,Jaipur,"['Communication', 'CRM', 'MS Excel', 'Negotiation', 'Market Research']"
DigiInnov8 Solution,Marketing,Jaipur,"['Market Research', 'Communication', 'MS Excel', 'SEO', 'Analytics']"
JP NEXTGEN PRIVATE LIMITED,Web Development,Work From Home,"['HTML', 'CSS', 'JavaScript', 'React', 'Bootstrap', 'Git']"
Knowell Technologies,Business Development (Sales),Hyderabad,"['Communication', 'MS Excel', 'Market Research', 'CRM', 'Sales']"
Property Shoppe,Business Development (Sales),Delhi,"['Communication', 'MS Excel', 'Market Research', 'CRM', 'Sales']"
BPU & CO,Fintech Product Development,Bangalore,"['Communication', 'MS Office', 'Problem Solving', 'Teamwork', 'Time Management']"
Sathish VJ,Content Writing,Work From Home,"['Writing', 'SEO', 'Research', 'WordPress', 'Copywriting']"
Suncrest Food Makers,Human Resources (HR),Ulhasnagar,"['Communication', 'MS Excel', 'Recruitment', 'MS Office', 'HR Management']"
GullySales,Digital Marketing,Work From Home,"['SEO', 'Google Ads', 'Social Media', 'Content Marketing', 'Analytics']"
CertCube,Business Development (Sales),Delhi,"['Communication', 'MS Excel', 'Market Research', 'CRM', 'Sales']"
Jagmeet Malhotra,Web Development,Work From Home,"['HTML', 'CSS', 'JavaScript', 'React', 'Bootstrap', 'Git']"
Mobigraph,UI/UX Design,Bangalore,"['Figma', 'Adobe XD', 'Wireframing', 'Prototyping', 'User Research']"
Akwin Labs,Content Writing,Gurgaon,"['Writing', 'SEO', 'Research', 'WordPress', 'Copywriting']"
Plushvie,Marketing,Work From Home,"['Market Research', 'Communication', 'MS Excel', 'SEO', 'Analytics']"
California Medical Behavioral Health,Content Writing,Lucknow,"['Writing', 'SEO', 'Research', 'WordPress', 'Copywriting']"
Moretasks Business Solution Limited,Content Writing,Work From Home,"['Writing', 'SEO', 'Research', 'WordPress', 'Copywriting']"
GoNuts,Business Development (Sales),Bareilly,"['Communication', 'MS Excel', 'Market Research', 'CRM', 'Sales']"
ACS Infotech Private Limited,Web Development,Noida,"['HTML', 'CSS', 'JavaScript', 'React', 'Bootstrap', 'Git']"
Digibouq,Business Development (Sales),Noida,"['Communication', 'MS Excel', 'Market Research', 'CRM', 'Sales']"
OyeLabs,Business Development (Sales),Work From Home,"['Communication', 'MS Excel', 'Market Research', 'CRM', 'Sales']"
SPA Group Of Companies,Finance,Delhi,"['MS Excel', 'Financial Modeling', 'Accounting', 'Tally', 'Data Analysis']"
Learning Mantra,Business Development (Sales),Work From Home,"['Communication', 'MS Excel', 'Market Research', 'CRM', 'Sales']"
Mek Vahan,Social Media Marketing,Delhi,"['Instagram', 'Facebook', 'Content Creation', 'Analytics', 'Canva']"
Chetanveena,Digital Marketing,Pune,"['SEO', 'Google Ads', 'Social Media', 'Content Marketing', 'Analytics']"
Primary Healthtech Private Limited,Content Writing,Work From Home,"['Writing', 'SEO', 'Research', 'WordPress', 'Copywriting']"
Blubirch,Software Development,Bangalore,"['Python', 'Java', 'Git', 'Data Structures', 'Algorithms', 'SQL']"
Paragraph Technologies Private Limited,Mobile App Development,Work From Home,"['Android', 'iOS', 'Flutter', 'Java', 'Kotlin', 'Firebase']"
Blackcoffer,Android App Development,Delhi,"['Java', 'Kotlin', 'Android Studio', 'XML', 'Firebase', 'REST API']"
Sebastian Fitness Solutions,Social Media Marketing,Work From Home,"['Instagram', 'Facebook', 'Content Creation', 'Analytics', 'Canva']"
Naagin Sauce,Content Writing,Mumbai,"['Writing', 'SEO', 'Research', 'WordPress', 'Copywriting']"
Quantum IT,Graphic Design,Noida,"['Adobe Photoshop', 'Illustrator', 'Canva', 'Typography', 'Color Theory']"
Attal Plastics,Graphic Design,Work From Home,"['Adobe Photoshop', 'Illustrator', 'Canva', 'Typography', 'Color Theory']"
SkillSanta,Content Creation,Work From Home,"['Communication', 'MS Office', 'Problem Solving', 'Teamwork', 'Time Management']"
Challenge Day India,Operations,Noida,"['MS Excel', 'Communication', 'Project Management', 'Data Analysis', 'Coordination']"
Bharat Foods And Beverages Private Limited,Graphic Design,Work From Home,"['Adobe Photoshop', 'Illustrator', 'Canva', 'Typography', 'Color Theory']"
Pinaksh Global Solutions,Content Writing,Work From Home,"['Writing', 'SEO', 'Research', 'WordPress', 'Copywriting']"
AAKRITI TECHFEST'20,Campus Ambassador,Work From Home,"['Communication', 'Social Media', 'Marketing', 'Networking', 'Leadership']"
Digital TLJ,Graphic Design,Work From Home,"['Adobe Photoshop', 'Illustrator', 'Canva', 'Typography', 'Color Theory']"
XORB,Graphic Design,Work From Home,"['Adobe Photoshop', 'Illustrator', 'Canva', 'Typography', 'Color Theory']"
Konnecting Korporates,Human Resources (HR),"New Delhi, North Delhi","['Communication', 'MS Excel', 'Recruitment', 'MS Office', 'HR Management']"
Trendpickle,Content Writing,Work From Home,"['Writing', 'SEO', 'Research', 'WordPress', 'Copywriting']"
Weblieu Technologies,Business Development (Sales),Noida,"['Communication', 'MS Excel', 'Market Research', 'CRM', 'Sales']"
Brand Analog,Business Development (Sales),Work From Home,"['Communication', 'MS Excel', 'Market Research', 'CRM', 'Sales']"
Unified Harvest Pvt Ltd,Marketing,Work From Home,"['Market Research', 'Communication', 'MS Excel', 'SEO', 'Analytics']"
Entourage Infotech,Digital Marketing & SEO,Work From Home,"['SEO', 'Google Ads', 'Social Media', 'Content Marketing', 'Analytics']"
Indicus Foundation,Video Making/Editing,Delhi,"['Communication', 'MS Office', 'Problem Solving', 'Teamwork', 'Time Management']"
Vachi Industries & Engineering Private Limited,Business Development (Sales),Akurdi,"['Communication', 'MS Excel', 'Market Research', 'CRM', 'Sales']"
Womenite,Graphic Design,Work From Home,"['Adobe Photoshop', 'Illustrator', 'Canva', 'Typography', 'Color Theory']"
Mutual Funds Telugu,Operations,Work From Home,"['MS Excel', 'Communication', 'Project Management', 'Data Analysis', 'Coordination']"
3Dexter Education Private Limited,Product Development,Delhi,"['Communication', 'MS Office', 'Problem Solving', 'Teamwork', 'Time Management']"
BeyondBlues Consultancy Private Limited,Web Development,Gurgaon,"['HTML', 'CSS', 'JavaScript', 'React', 'Bootstrap', 'Git']"
MARS Cosmetics,Graphic Design,Delhi,"['Adobe Photoshop', 'Illustrator', 'Canva', 'Typography', 'Color Theory']"
DALMIA DESIGNER INDIA PRIVATE LIMITED,Production Management,Delhi,"['Communication', 'MS Office', 'Problem Solving', 'Teamwork', 'Time Management']"
Volopay,Product Evangelism,Bangalore,"['Communication', 'MS Office', 'Problem Solving', 'Teamwork', 'Time Management']"
Aiyo Labs Private Limited,Graphic Design,Bangalore,"['Adobe Photoshop', 'Illustrator', 'Canva', 'Typography', 'Color Theory']"
Mahindra Comviva,Administration Support & MIS Operations,Gurgaon,"['MS Excel', 'Communication', 'Project Management', 'Data Analysis', 'Coordination']"
Hack Planet Technologies Private Limited,Web Development,Work From Home,"['HTML', 'CSS', 'JavaScript', 'React', 'Bootstrap', 'Git']"
Orange Octopus,Content Writing,Delhi,"['Writing', 'SEO', 'Research', 'WordPress', 'Copywriting']"
FULL Creative,Human Resources (HR),Chennai,"['Communication', 'MS Excel', 'Recruitment', 'MS Office', 'HR Management']"
Trivoli Digital Private Limited,Graphic Design,Mumbai,"['Adobe Photoshop', 'Illustrator', 'Canva', 'Typography', 'Color Theory']"
SunShine InfoSoft Private Limited,Web Development,Jaipur,"['HTML', 'CSS', 'JavaScript', 'React', 'Bootstrap', 'Git']"
PENCAP MEDIA BRANDING AND ADVERTISING PRIVATE LIMITED,Content Writing,Hyderabad,"['Writing', 'SEO', 'Research', 'WordPress', 'Copywriting']"
Plan My Health,Mobile App Development,Work From Home,"['Android', 'iOS', 'Flutter', 'Java', 'Kotlin', 'Firebase']"
Paramount Dealz,Digital Marketing,Work From Home,"['SEO', 'Google Ads', 'Social Media', 'Content Marketing', 'Analytics']"
Tempest Advertising Private Limited,Graphic Design,Hyderabad,"['Adobe Photoshop', 'Illustrator', 'Canva', 'Typography', 'Color Theory']"
OM Foundation,Content Writing,Chandigarh,"['Writing', 'SEO', 'Research', 'WordPress', 'Copywriting']"
Aryan Verma,Marketing,Kanpur Dehat,"['Market Research', 'Communication', 'MS Excel', 'SEO', 'Analytics']"
RPA Infotech Private Limited,Marketing,Gurgaon,"['Market Research', 'Communication', 'MS Excel', 'SEO', 'Analytics']"
Practease,Business Development (Sales),Chandigarh,"['Communication', 'MS Excel', 'Market Research', 'CRM', 'Sales']"
Satan's Paradise & Total Sports League,Marketing,Noida,"['Market Research', 'Communication', 'MS Excel', 'SEO', 'Analytics']"
UpTricks Services,Machine Learning,Pune,"['Python', 'Scikit-learn', 'TensorFlow', 'NumPy', 'Pandas', 'ML Algorithms']"
Parco Engineers (M) Private Limited,Production & Design,Navi Mumbai,"['Communication', 'MS Office', 'Problem Solving', 'Teamwork', 'Time Management']"
Diamond Insights,Graphic Design,Work From Home,"['Adobe Photoshop', 'Illustrator', 'Canva', 'Typography', 'Color Theory']"
SkillBit,Python Development,Pune,"['Python', 'Django', 'Flask', 'SQL', 'Git', 'REST API']"
Monoxor,Content Writing,Work From Home,"['Writing', 'SEO', 'Research', 'WordPress', 'Copywriting']"
WWF-India,Operations,Delhi,"['MS Excel', 'Communication', 'Project Management', 'Data Analysis', 'Coordination']"
3five8 Technologies,Product Management,Bangalore,"['Agile', 'Jira', 'Market Research', 'Communication', 'Data Analysis']"
MBR Informatics Private Limited,Digital Marketing,Hyderabad,"['SEO', 'Google Ads', 'Social Media', 'Content Marketing', 'Analytics']"
Beyond Frame,Graphic Design,Delhi,"['Adobe Photoshop', 'Illustrator', 'Canva', 'Typography', 'Color Theory']"
Waaree Energies Limited,Human Resources (HR),Mumbai,"['Communication', 'MS Excel', 'Recruitment', 'MS Office', 'HR Management']"
Desh Apnayen Sahayog Foundation,Social Media Marketing,Mumbai,"['Instagram', 'Facebook', 'Content Creation', 'Analytics', 'Canva']"
CEPTES Software,Content Writing,Bangalore,"['Writing', 'SEO', 'Research', 'WordPress', 'Copywriting']"
SkyQuest Technology Consulting Private Limited,Content Writing,Ahmedabad,"['Writing', 'SEO', 'Research', 'WordPress', 'Copywriting']"
Marut Drones,Product Design,Hyderabad,"['Communication', 'MS Office', 'Problem Solving', 'Teamwork', 'Time Management']"
Dimerse Creative Solutions Limited,Business Development (Sales),Mumbai,"['Communication', 'MS Excel', 'Market Research', 'CRM', 'Sales']"
Apollo Power Systems,Digital Marketing,Bangalore,"['SEO', 'Google Ads', 'Social Media', 'Content Marketing', 'Analytics']"
La Polo,Video Editing,Delhi,"['Adobe Premiere Pro', 'After Effects', 'Final Cut Pro', 'DaVinci Resolve']"
Posterity Consulting,Human Resources (HR),Noida,"['Communication', 'MS Excel', 'Recruitment', 'MS Office', 'HR Management']"
Crazy For Success Foundation,Content Writing,Work From Home,"['Writing', 'SEO', 'Research', 'WordPress', 'Copywriting']"
The Crafty Talk,Business Development (Sales),Pune,"['Communication', 'MS Excel', 'Market Research', 'CRM', 'Sales']"
9to5 Technologies,Business Development (Sales),Jalandhar,"['Communication', 'MS Excel', 'Market Research', 'CRM', 'Sales']"
AutomizeApps,Web Scrapping,Work From Home,"['Communication', 'MS Office', 'Problem Solving', 'Teamwork', 'Time Management']"
Modicle Studios,Web Development,Work From Home,"['HTML', 'CSS', 'JavaScript', 'React', 'Bootstrap', 'Git']"
Bharati Robotic Systems,Production Engineering,Pune,"['Communication', 'MS Office', 'Problem Solving', 'Teamwork', 'Time Management']"
Techmantra Engineering Private Limited,Embedded Engineering,Work From Home,"['C', 'C++', 'Arduino', 'Raspberry Pi', 'Electronics', 'RTOS']"
Stack Maze Solutions Private Limited,UI/UX Design,Ahmedabad,"['Figma', 'Adobe XD', 'Wireframing', 'Prototyping', 'User Research']"
Bizmend,Graphic Design,Delhi,"['Adobe Photoshop', 'Illustrator', 'Canva', 'Typography', 'Color Theory']"
Luhaif Digitech,Content Writing,Delhi,"['Writing', 'SEO', 'Research', 'WordPress', 'Copywriting']"
EQOL,Business Development (Sales),Delhi,"['Communication', 'MS Excel', 'Market Research', 'CRM', 'Sales']"
Milna,Data Entry,Work From Home,"['Communication', 'MS Office', 'Problem Solving', 'Teamwork', 'Time Management']"
Rogue Code Academy,Graphic Design,Mumbai,"['Adobe Photoshop', 'Illustrator', 'Canva', 'Typography', 'Color Theory']"
Vision IAS,Graphic Design,Delhi,"['Adobe Photoshop', 'Illustrator', 'Canva', 'Typography', 'Color Theory']"
Sarcasticgirl.in,Graphic Design,Work From Home,"['Adobe Photoshop', 'Illustrator', 'Canva', 'Typography', 'Color Theory']"
MTOAG Technologies,Business Development (Sales),Jaipur,"['Communication', 'MS Excel', 'Market Research', 'CRM', 'Sales']"
Sirius Alpha,Content Writing,Work From Home,"['Writing', 'SEO', 'Research', 'WordPress', 'Copywriting']"
Gyanoholic International Private Limited,Digital Marketing,Navi Mumbai,"['SEO', 'Google Ads', 'Social Media', 'Content Marketing', 'Analytics']"
Eldrok,Digital Marketing,Gurgaon,"['SEO', 'Google Ads', 'Social Media', 'Content Marketing', 'Analytics']"
CredRight Private Limited,Human Resources (HR),Hyderabad,"['Communication', 'MS Excel', 'Recruitment', 'MS Office', 'HR Management']"
FinThink Academy,Marketing,Work From Home,"['Market Research', 'Communication', 'MS Excel', 'SEO', 'Analytics']"
Moretasks Business Solution Limited,Social Media Marketing,Gurgaon,"['Instagram', 'Facebook', 'Content Creation', 'Analytics', 'Canva']"
Idea Usher,Project Management,Mohali,"['Agile', 'Jira', 'MS Project', 'Communication', 'Risk Management']"
Amit Engineering,Mobile App Development,Pune,"['Android', 'iOS', 'Flutter', 'Java', 'Kotlin', 'Firebase']"
Stirring Minds,UI/UX Design,Delhi,"['Figma', 'Adobe XD', 'Wireframing', 'Prototyping', 'User Research']"
SendMyKart,Web Development,Mumbai,"['HTML', 'CSS', 'JavaScript', 'React', 'Bootstrap', 'Git']"
EnrichAI,Web Development,Gurgaon,"['HTML', 'CSS', 'JavaScript', 'React', 'Bootstrap', 'Git']"
Chetanveena,Human Resources (HR),Hyderabad,"['Communication', 'MS Excel', 'Recruitment', 'MS Office', 'HR Management']"
Grasshopper Events & Communication,Content Writing,Mumbai,"['Writing', 'SEO', 'Research', 'WordPress', 'Copywriting']"
Nozzberry IN,Fashion Design,Indore,"['Communication', 'MS Office', 'Problem Solving', 'Teamwork', 'Time Management']"
EssentiallySports,Content Writing,Work From Home,"['Writing', 'SEO', 'Research', 'WordPress', 'Copywriting']"
Shades Of Udaipur,Content Writing,Work From Home,"['Writing', 'SEO', 'Research', 'WordPress', 'Copywriting']"
EduGorilla,Digital Marketing,Lucknow,"['SEO', 'Google Ads', 'Social Media', 'Content Marketing', 'Analytics']"
Krishworks,Mobile App Development,Work From Home,"['Android', 'iOS', 'Flutter', 'Java', 'Kotlin', 'Firebase']"
Reckrut,Data Entry (Transcriptions),Mumbai (الهند),"['Communication', 'MS Office', 'Problem Solving', 'Teamwork', 'Time Management']"
SPRAT - Society For Promoting Rationality,Content Writing,Ahmedabad,"['Writing', 'SEO', 'Research', 'WordPress', 'Copywriting']"
Ardent Executive Search (OPC) Private Limited,Human Resources (HR),Noida,"['Communication', 'MS Excel', 'Recruitment', 'MS Office', 'HR Management']"
Inkers Private Limited,React Native Mobile Application Development,Bangalore,"['React Native', 'JavaScript', 'Redux', 'Firebase', 'REST API']"
InHive Automation LLP,Web Development,Bangalore,"['HTML', 'CSS', 'JavaScript', 'React', 'Bootstrap', 'Git']"
CarveNiche Technology Private Limited,Inside Sales,Bangalore,"['Communication', 'CRM', 'MS Excel', 'Negotiation', 'Market Research']"
Moustache Hostel,Marketing,Jaipur,"['Market Research', 'Communication', 'MS Excel', 'SEO', 'Analytics']"
S E Marketing Private Limited,Digital Marketing,Kanpur,"['SEO', 'Google Ads', 'Social Media', 'Content Marketing', 'Analytics']"
Lykiq Labs,Mobile App Development,Bangalore,"['Android', 'iOS', 'Flutter', 'Java', 'Kotlin', 'Firebase']"
ZILA (Giscle Systems),Graphic Design,Work From Home,"['Adobe Photoshop', 'Illustrator', 'Canva', 'Typography', 'Color Theory']"
HireQuest Recruiters Private Limited,Marketing,Vadodara,"['Market Research', 'Communication', 'MS Excel', 'SEO', 'Analytics']"
Change Leaders Consulting,Marketing,Gurgaon,"['Market Research', 'Communication', 'MS Excel', 'SEO', 'Analytics']"
Conglomerate Business Solutions Private Limited,Web Development,Kolkata,"['HTML', 'CSS', 'JavaScript', 'React', 'Bootstrap', 'Git']"
Mompreneur Circle,Social Media Marketing,Noida,"['Instagram', 'Facebook', 'Content Creation', 'Analytics', 'Canva']"
Ankit Pulps And Boards Private Limited,Business Development (Sales),Nagpur,"['Communication', 'MS Excel', 'Market Research', 'CRM', 'Sales']"
Aadvik Srivastava Private Limited,Mobile App Development,Gurgaon,"['Android', 'iOS', 'Flutter', 'Java', 'Kotlin', 'Firebase']"
MATLAB Helper,Project Manager,Jaipur,"['Communication', 'MS Office', 'Problem Solving', 'Teamwork', 'Time Management']"
TeachEdison Solutions Private Limited,Content Writing,Work From Home,"['Writing', 'SEO', 'Research', 'WordPress', 'Copywriting']"
I Tech Solutions,Business Development (Sales),Mumbai,"['Communication', 'MS Excel', 'Market Research', 'CRM', 'Sales']"
Global Shiksha India Private Limited,Business Development (Sales),Bangalore,"['Communication', 'MS Excel', 'Market Research', 'CRM', 'Sales']"
Namaskar with Love Foundation,Social Media Marketing,Work From Home,"['Instagram', 'Facebook', 'Content Creation', 'Analytics', 'Canva']"
HuPerp Management & Consultancy Services LLP,Business Development (Sales),Bangalore,"['Communication', 'MS Excel', 'Market Research', 'CRM', 'Sales']"
Complay Digital Media Private Limited,Operations,Delhi,"['MS Excel', 'Communication', 'Project Management', 'Data Analysis', 'Coordination']"
Samriddhi Inn Holidays Private Limited,Digital Marketing,Jaipur,"['SEO', 'Google Ads', 'Social Media', 'Content Marketing', 'Analytics']"
Byo,Mobile App Development,Delhi,"['Android', 'iOS', 'Flutter', 'Java', 'Kotlin', 'Firebase']"
EZZOTECH.COM,Human Resources (HR),Kushinagar,"['Communication', 'MS Excel', 'Recruitment', 'MS Office', 'HR Management']"
SAVITARKA BUSINESS SOLUTIONS PRIVATE LIMITED,Human Resources (HR),Bangalore,"['Communication', 'MS Excel', 'Recruitment', 'MS Office', 'HR Management']"
AAP News Live,Content Writing,Work From Home,"['Writing', 'SEO', 'Research', 'WordPress', 'Copywriting']"
Apex Salon Services India Private Limited,Marketing,Pune,"['Market Research', 'Communication', 'MS Excel', 'SEO', 'Analytics']"
Myrsa Technology Solutions Private Limited,Human Resources (HR),Thane,"['Communication', 'MS Excel', 'Recruitment', 'MS Office', 'HR Management']"
WizKlub,Inside Sales,Bangalore,"['Communication', 'CRM', 'MS Excel', 'Negotiation', 'Market Research']"
Chimpandz Media LLP,Social Media Marketing,Gurgaon,"['Instagram', 'Facebook', 'Content Creation', 'Analytics', 'Canva']"
Green Stone Wealth Management,Content Writing,Delhi,"['Writing', 'SEO', 'Research', 'WordPress', 'Copywriting']"
Swipe Pages,Business Development (Sales),Chennai,"['Communication', 'MS Excel', 'Market Research', 'CRM', 'Sales']"
TAHAMA BEVERAGES AND FOOD PRIVATE LIMITED,Content Writing,Work From Home,"['Writing', 'SEO', 'Research', 'WordPress', 'Copywriting']"
SALETANCY CONSULTING PRIVATE LIMITED,Mobile App Development,Delhi,"['Android', 'iOS', 'Flutter', 'Java', 'Kotlin', 'Firebase']"
The Food Truck Travel,Social Media Marketing,Mumbai,"['Instagram', 'Facebook', 'Content Creation', 'Analytics', 'Canva']"
Anveshan,Business Development (Sales),Bangalore,"['Communication', 'MS Excel', 'Market Research', 'CRM', 'Sales']"
Print Factory,Graphic Design,Jaipur,"['Adobe Photoshop', 'Illustrator', 'Canva', 'Typography', 'Color Theory']"
Crazy For Success Foundation,Graphic Design,Work From Home,"['Adobe Photoshop', 'Illustrator', 'Canva', 'Typography', 'Color Theory']"
Tejasvi Vidyaranya,Teacher Training,Hyderabad,"['Communication', 'MS Office', 'Problem Solving', 'Teamwork', 'Time Management']"
KSTECH,Content Writing,Work From Home,"['Writing', 'SEO', 'Research', 'WordPress', 'Copywriting']"
HOOAH,Video Making/Editing,Work From Home,"['Communication', 'MS Office', 'Problem Solving', 'Teamwork', 'Time Management']"
Antsglobe Technologies,Human Resources (HR),Nagpur,"['Communication', 'MS Excel', 'Recruitment', 'MS Office', 'HR Management']"
Euclid LED Labs,Content Writing,Work From Home,"['Writing', 'SEO', 'Research', 'WordPress', 'Copywriting']"
YantroMitra Learning Technologies,Video Making/Editing,Bangalore,"['Communication', 'MS Office', 'Problem Solving', 'Teamwork', 'Time Management']"
PAULSHANTANU ENGINEERING PRIVATE LIMITED,Graphic Design,Mumbai,"['Adobe Photoshop', 'Illustrator', 'Canva', 'Typography', 'Color Theory']"
Mumbai Space Realty LLP,Marketing,Mumbai,"['Market Research', 'Communication', 'MS Excel', 'SEO', 'Analytics']"
Meaww,Human Resources (HR),Bangalore,"['Communication', 'MS Excel', 'Recruitment', 'MS Office', 'HR Management']"
Ritika Gupta,Content Writing,Work From Home,"['Writing', 'SEO', 'Research', 'WordPress', 'Copywriting']"
FellaFeeds,Graphic Design,Gurgaon,"['Adobe Photoshop', 'Illustrator', 'Canva', 'Typography', 'Color Theory']"
PrimeValue Marketing Services,Content Writing,Pune,"['Writing', 'SEO', 'Research', 'WordPress', 'Copywriting']"
Eco Life Agritech,Mobile App Development,Work From Home,"['Android', 'iOS', 'Flutter', 'Java', 'Kotlin', 'Firebase']"
Wylo,Data Science,Chennai,"['Python', 'Pandas', 'NumPy', 'Scikit-learn', 'SQL', 'Matplotlib']"
UpTricks Services,Web Development,Pune,"['HTML', 'CSS', 'JavaScript', 'React', 'Bootstrap', 'Git']"
Parivartan Social Foundation,Digital Marketing,Pauri Garhwal,"['SEO', 'Google Ads', 'Social Media', 'Content Marketing', 'Analytics']"
Techsolvo,Web Development,Indore,"['HTML', 'CSS', 'JavaScript', 'React', 'Bootstrap', 'Git']"
Inventive Cafe,Social Media Marketing,Work From Home,"['Instagram', 'Facebook', 'Content Creation', 'Analytics', 'Canva']"
Linkruit,Human Resources (HR),Ahmedabad,"['Communication', 'MS Excel', 'Recruitment', 'MS Office', 'HR Management']"
Foyr,Business Development (Sales),Hyderabad,"['Communication', 'MS Excel', 'Market Research', 'CRM', 'Sales']"
Vivifi Private Limited,Human Resources (HR),Hyderabad,"['Communication', 'MS Excel', 'Recruitment', 'MS Office', 'HR Management']"
UnGap,Social Media Marketing,Mumbai,"['Instagram', 'Facebook', 'Content Creation', 'Analytics', 'Canva']"
Housr Technologies Private Limited,Business Development (Sales),Gurgaon,"['Communication', 'MS Excel', 'Market Research', 'CRM', 'Sales']"
International Model United Nations,Video Making/Editing,Work From Home,"['Communication', 'MS Office', 'Problem Solving', 'Teamwork', 'Time Management']"
Three Millennials,Web Development,Work From Home,"['HTML', 'CSS', 'JavaScript', 'React', 'Bootstrap', 'Git']"
The Voice Of Woman,Social Media Marketing,Work From Home,"['Instagram', 'Facebook', 'Content Creation', 'Analytics', 'Canva']"
Pehchan,Web Development,Mumbai,"['HTML', 'CSS', 'JavaScript', 'React', 'Bootstrap', 'Git']"
Qwerty Thoughts,Digital Marketing,Work From Home,"['SEO', 'Google Ads', 'Social Media', 'Content Marketing', 'Analytics']"
Web Design Media,Human Resources (HR),Jaipur,"['Communication', 'MS Excel', 'Recruitment', 'MS Office', 'HR Management']"
Juzlyktat,Digital Marketing,Chennai,"['SEO', 'Google Ads', 'Social Media', 'Content Marketing', 'Analytics']"
OfferGrid Networks Private Limited,Business Development (Sales),Bangalore,"['Communication', 'MS Excel', 'Market Research', 'CRM', 'Sales']"
Healthycious Care,Digital Marketing,Work From Home,"['SEO', 'Google Ads', 'Social Media', 'Content Marketing', 'Analytics']"
TheWhyCulture,Content Writing,Work From Home,"['Writing', 'SEO', 'Research', 'WordPress', 'Copywriting']"
GaugeHow.com,Content Writing (Mechanical Engineering),Work From Home,"['Writing', 'SEO', 'Research', 'WordPress', 'Copywriting']"
IICAE,CAD Design,Indore,"['Communication', 'MS Office', 'Problem Solving', 'Teamwork', 'Time Management']"
Qilin Lab,Marketing,Bangalore,"['Market Research', 'Communication', 'MS Excel', 'SEO', 'Analytics']"
Indian Centre For Development And Rights,Fundraising,Work From Home,"['Communication', 'MS Office', 'Problem Solving', 'Teamwork', 'Time Management']"
Millligram IT,Web Development,Kolkata,"['HTML', 'CSS', 'JavaScript', 'React', 'Bootstrap', 'Git']"
Satyam Shukla,UI/UX Design,Work From Home,"['Figma', 'Adobe XD', 'Wireframing', 'Prototyping', 'User Research']"
Expanrr,Social Media Marketing,Work From Home,"['Instagram', 'Facebook', 'Content Creation', 'Analytics', 'Canva']"
Orgzit,Content Writing,Gurgaon,"['Writing', 'SEO', 'Research', 'WordPress', 'Copywriting']"
361 Degree Minds,Artificial Intelligence System (End User Testing),Chennai,"['Python', 'Machine Learning', 'TensorFlow', 'NLP', 'Scikit-learn']"
RetreatsForMe,Social Media Marketing,Delhi,"['Instagram', 'Facebook', 'Content Creation', 'Analytics', 'Canva']"
Innovatus Technologies Private Limited,Graphic Design,Work From Home,"['Adobe Photoshop', 'Illustrator', 'Canva', 'Typography', 'Color Theory']"
GradeStack Learning Private Limited,Academic Content Writing (UGC NET - Sociology & Home Science),Work From Home,"['Writing', 'SEO', 'Research', 'WordPress', 'Copywriting']"
Brand Aesthetics,Marketing,Mumbai,"['Market Research', 'Communication', 'MS Excel', 'SEO', 'Analytics']"
Interloop Consulting,Business Development (Sales),Delhi,"['Communication', 'MS Excel', 'Market Research', 'CRM', 'Sales']"
Sumit  Productions,Video Making/Editing,Delhi,"['Communication', 'MS Office', 'Problem Solving', 'Teamwork', 'Time Management']"
Dignity Software Private Limited,Digital Marketing,Delhi,"['SEO', 'Google Ads', 'Social Media', 'Content Marketing', 'Analytics']"
Petzapp,Business Development (Sales),Work From Home,"['Communication', 'MS Excel', 'Market Research', 'CRM', 'Sales']"
Dichroic Labs LLP,Poster Design,Work From Home,"['Communication', 'MS Office', 'Problem Solving', 'Teamwork', 'Time Management']"
Forever News,Web Development,Mumbai,"['HTML', 'CSS', 'JavaScript', 'React', 'Bootstrap', 'Git']"
Episodiclabs Private Limited,Deep Learning Research,Ahmedabad,"['Python', 'TensorFlow', 'Keras', 'PyTorch', 'NumPy', 'CNN']"
Beauty Secrets,Web Development,Work From Home,"['HTML', 'CSS', 'JavaScript', 'React', 'Bootstrap', 'Git']"
Hegde Design And Construction,3D Graphic Design (Interior Design),Work From Home,"['Adobe Photoshop', 'Illustrator', 'Canva', 'Typography', 'Color Theory']"
Goteso,HR Recruitment,Mohali,"['Communication', 'MS Excel', 'Recruitment', 'MS Office', 'Interviewing']"
Truecaller International,Backend Development,Bangalore,"['Python', 'Node.js', 'SQL', 'REST API', 'Django', 'Git']"
Sanguine Capital,Digital Marketing,Faridabad,"['SEO', 'Google Ads', 'Social Media', 'Content Marketing', 'Analytics']"
Cook With Parul,Video Making/Editing,Bangalore,"['Communication', 'MS Office', 'Problem Solving', 'Teamwork', 'Time Management']"
Scienxt Ceter Of Excellence,Content Writing,Work From Home,"['Writing', 'SEO', 'Research', 'WordPress', 'Copywriting']"
Uptownie,Social Media Marketing,Work From Home,"['Instagram', 'Facebook', 'Content Creation', 'Analytics', 'Canva']"
Momspresso,Video Production,Gurgaon,"['Communication', 'MS Office', 'Problem Solving', 'Teamwork', 'Time Management']"
Digital Network World,Mobile App Development,Work From Home,"['Android', 'iOS', 'Flutter', 'Java', 'Kotlin', 'Firebase']"
Kognoz Research & Consulting Private Limited,Content Writing,Work From Home,"['Writing', 'SEO', 'Research', 'WordPress', 'Copywriting']"
Kapwise Technologies,Social Media Marketing,Work From Home,"['Instagram', 'Facebook', 'Content Creation', 'Analytics', 'Canva']"
Soham Enterprise,Business Development (Sales),Surat,"['Communication', 'MS Excel', 'Market Research', 'CRM', 'Sales']"
Sigillieum Software Consultants Private Limited,Python/machine Learning,Chennai,"['Python', 'Scikit-learn', 'TensorFlow', 'NumPy', 'Pandas', 'ML Algorithms']"
Confederation Of Young Leaders (CYL),Graphic Design,Work From Home,"['Adobe Photoshop', 'Illustrator', 'Canva', 'Typography', 'Color Theory']"
Smoking Dog Entertainment Private Limited,Social Media Marketing,Mumbai,"['Instagram', 'Facebook', 'Content Creation', 'Analytics', 'Canva']"
EyeROV (IROV Technologies Private Limited),Machine/Computer Vision,Kochi,"['Python', 'OpenCV', 'TensorFlow', 'NumPy', 'Image Processing']"
Levycon India Private Limited,Human Resources (HR),Gurgaon,"['Communication', 'MS Excel', 'Recruitment', 'MS Office', 'HR Management']"
Net Avenue Technologies,IT Project Coordination,Chennai,"['Communication', 'MS Office', 'Problem Solving', 'Teamwork', 'Time Management']"
Arbor Research India,UI/UX Design,Work From Home,"['Figma', 'Adobe XD', 'Wireframing', 'Prototyping', 'User Research']"
Simnovus Tech Private Limited,Social Media Marketing,Bangalore,"['Instagram', 'Facebook', 'Content Creation', 'Analytics', 'Canva']"
Blaze Media,Business Development (Sales),Mohali,"['Communication', 'MS Excel', 'Market Research', 'CRM', 'Sales']"
CHANNELMILL LLP,Content Writing,Work From Home,"['Writing', 'SEO', 'Research', 'WordPress', 'Copywriting']"
GetMega,Operations,Bangalore,"['MS Excel', 'Communication', 'Project Management', 'Data Analysis', 'Coordination']"
OpsEazy,Business Development (Sales),Chennai,"['Communication', 'MS Excel', 'Market Research', 'CRM', 'Sales']"
Devlofox Technologies LLP,Business Development (Sales),Delhi,"['Communication', 'MS Excel', 'Market Research', 'CRM', 'Sales']"
Neelman Industries India Private Limited,Fundraising,Work From Home,"['Communication', 'MS Office', 'Problem Solving', 'Teamwork', 'Time Management']"
Global Market Insights Research Private Limited,Content Writing,Pune,"['Writing', 'SEO', 'Research', 'WordPress', 'Copywriting']"
iOSys Data Solutions Private Limited,Content Writing,Bangalore,"['Writing', 'SEO', 'Research', 'WordPress', 'Copywriting']"
UnivLabs,Embedded Systems,Gurgaon,"['C', 'C++', 'Arduino', 'Raspberry Pi', 'Electronics', 'RTOS']"
Levycon India Private Limited,Web Development,Gurgaon,"['HTML', 'CSS', 'JavaScript', 'React', 'Bootstrap', 'Git']"
The Digital Darzi,Graphic Design,Work From Home,"['Adobe Photoshop', 'Illustrator', 'Canva', 'Typography', 'Color Theory']"
1ml Healthcare Services Private Limited,Mobile App Development,Delhi,"['Android', 'iOS', 'Flutter', 'Java', 'Kotlin', 'Firebase']"
NoBroker,Finance,Chennai,"['MS Excel', 'Financial Modeling', 'Accounting', 'Tally', 'Data Analysis']"
PakkaIndia,Web Development,Work From Home,"['HTML', 'CSS', 'JavaScript', 'React', 'Bootstrap', 'Git']"
Candent SEO,Content Writing,Work From Home,"['Writing', 'SEO', 'Research', 'WordPress', 'Copywriting']"
CloudEye Technologies India Private Limited,Digital Marketing,Visakhapatnam,"['SEO', 'Google Ads', 'Social Media', 'Content Marketing', 'Analytics']"
Fundscoop Advisors Private Limited,Marketing,Kolkata,"['Market Research', 'Communication', 'MS Excel', 'SEO', 'Analytics']"
JIVASO INTERNATIONAL,Social Media Marketing,Work From Home,"['Instagram', 'Facebook', 'Content Creation', 'Analytics', 'Canva']"
TimesNext Media Private Limited,Human Resources (HR),Work From Home,"['Communication', 'MS Excel', 'Recruitment', 'MS Office', 'HR Management']"
SkillSanta,Human Resources (HR),Work From Home,"['Communication', 'MS Excel', 'Recruitment', 'MS Office', 'HR Management']"
Fliqaindia Private Limited,Digital Marketing,Work From Home,"['SEO', 'Google Ads', 'Social Media', 'Content Marketing', 'Analytics']"
Nitin Goyal,Graphic Design,Work From Home,"['Adobe Photoshop', 'Illustrator', 'Canva', 'Typography', 'Color Theory']"
NeoDocto Incorporated,Human Resources (HR),Chennai,"['Communication', 'MS Excel', 'Recruitment', 'MS Office', 'HR Management']"
WeddingsOnly,Social Media Marketing,Jaipur,"['Instagram', 'Facebook', 'Content Creation', 'Analytics', 'Canva']"
CorsetsNmore,Digital Marketing,Faridabad,"['SEO', 'Google Ads', 'Social Media', 'Content Marketing', 'Analytics']"
Infinity Pumps & Systems Private Limited,Industrial And Production Engineering,Ghaziabad,"['Communication', 'MS Office', 'Problem Solving', 'Teamwork', 'Time Management']"
Yantraksh Logistics Private Limited,Web Development,Delhi,"['HTML', 'CSS', 'JavaScript', 'React', 'Bootstrap', 'Git']"
Mobile Mode Gaming,Video Editor,Work From Home,"['Communication', 'MS Office', 'Problem Solving', 'Teamwork', 'Time Management']"
GKB Labs LLP,Marketing,Hyderabad,"['Market Research', 'Communication', 'MS Excel', 'SEO', 'Analytics']"
Aester India Private Limited,Python Development,Kochi,"['Python', 'Django', 'Flask', 'SQL', 'Git', 'REST API']"
Social Eyes,Content Writing,Delhi,"['Writing', 'SEO', 'Research', 'WordPress', 'Copywriting']"
SuprStart Ventures LLP,Business Development (Sales),Work From Home,"['Communication', 'MS Excel', 'Market Research', 'CRM', 'Sales']"
CodeNicely Software Services LLP,Content Writing,Raipur,"['Writing', 'SEO', 'Research', 'WordPress', 'Copywriting']"
FourthPointer Services,Graphic Design,Noida,"['Adobe Photoshop', 'Illustrator', 'Canva', 'Typography', 'Color Theory']"
Careersanta,Business Development (Sales),Pune,"['Communication', 'MS Excel', 'Market Research', 'CRM', 'Sales']"
Yellow Rentals,Telecommunication Operations,Delhi,"['MS Excel', 'Communication', 'Project Management', 'Data Analysis', 'Coordination']"
ABC Recruiters,Human Resources (HR),Pune,"['Communication', 'MS Excel', 'Recruitment', 'MS Office', 'HR Management']"
Pocket FM,Content Writing,Work From Home,"['Writing', 'SEO', 'Research', 'WordPress', 'Copywriting']"
Travel Raga Holidays Private Limited,Content Writing,Work From Home,"['Writing', 'SEO', 'Research', 'WordPress', 'Copywriting']"
Wallrx,Content Writing,Work From Home,"['Writing', 'SEO', 'Research', 'WordPress', 'Copywriting']"
Protrainy Skilled Learning Private Limited,Business Development (Sales),Work From Home,"['Communication', 'MS Excel', 'Market Research', 'CRM', 'Sales']"
Evogue Media LLP,Content Writing,Thane,"['Writing', 'SEO', 'Research', 'WordPress', 'Copywriting']"
Conceptualise,Business Development (Sales),Gurgaon,"['Communication', 'MS Excel', 'Market Research', 'CRM', 'Sales']"
Coursack Software Solutions Private Limited,Digital Marketing,Work From Home,"['SEO', 'Google Ads', 'Social Media', 'Content Marketing', 'Analytics']"
Sketch To Reality LLP,Fashion Design,Noida,"['Communication', 'MS Office', 'Problem Solving', 'Teamwork', 'Time Management']"
The Go-To Guy Consulting Services,Business Development (Sales),Hyderabad,"['Communication', 'MS Excel', 'Market Research', 'CRM', 'Sales']"
Awesome Firms,Business Development (Sales),Chennai,"['Communication', 'MS Excel', 'Market Research', 'CRM', 'Sales']"
California Medical Behavioral Health,Content Writing,Work From Home,"['Writing', 'SEO', 'Research', 'WordPress', 'Copywriting']"
Code Serve,Graphic Design,Work From Home,"['Adobe Photoshop', 'Illustrator', 'Canva', 'Typography', 'Color Theory']"
